Trafikkregistreringspunkt;Navn;Vegreferanse;Fra;Til;År;Måned;Trafikkmengde;Konfidensintervall start;Konfidensintervall slutt;Dekningsgrad (%);Antall døgn total;Antall døgn inkludert;Antall døgn ugyldig;Ikke gyldig lengde;Lengdekvalitetsgrad (%);Felt;< 5,6m;>= 5,6m;5,6m - 7,6m;7,6m - 12,5m;12,5m - 16,0m;>= 16,0m;16,0m - 24,0m;>= 24,0m
02636V1125920;Sandnessundbrua;FV862 S2D1 m609;2022-01-01T00:00+01:00;2022-02-01T00:00+01:00;2022;1;7069;6522;7616;100,0;31;31;0;1;100,0;1;6693;375;98;101;168;8;8;0
02636V1125920;Sandnessundbrua;FV862 S2D1 m609;2022-01-01T00:00+01:00;2022-02-01T00:00+01:00;2022;1;7073;6553;7593;100,0;31;31;0;1;100,0;2;6690;382;99;106;169;8;8;0
02636V1125920;Sandnessundbrua;FV862 S2D1 m609;2022-01-01T00:00+01:00;2022-02-01T00:00+01:00;2022;1;7072;6552;7592;100,0;31;31;0;0;100,0;Totalt i retning Tromsø;6689;382;99;106;169;8;8;0
02636V1125920;Sandnessundbrua;FV862 S2D1 m609;2022-01-01T00:00+01:00;2022-02-01T00:00+01:00;2022;1;7070;6523;7617;100,0;31;31;0;1;100,0;Totalt i retning Kvaløya;6694;375;98;101;168;8;8;0
02636V1125920;Sandnessundbrua;FV862 S2D1 m609;2022-01-01T00:00+01:00;2022-02-01T00:00+01:00;2022;1;14142;13076;15208;100,0;31;31;0;2;100,0;Totalt;13383;757;197;207;337;16;16;0
02636V1125920;Sandnessundbrua;FV862 S2D1 m609;2022-02-01T00:00+01:00;2022-03-01T00:00+01:00;2022;2;7857;7350;8364;100,0;28;28;0;1;100,0;1;7456;401;102;106;178;14;14;0
02636V1125920;Sandnessundbrua;FV862 S2D1 m609;2022-02-01T00:00+01:00;2022-03-01T00:00+01:00;2022;2;7853;7368;8338;100,0;28;28;0;5;99,9;2;7427;421;108;118;180;15;15;0
02636V1125920;Sandnessundbrua;FV862 S2D1 m609;2022-02-01T00:00+01:00;2022-03-01T00:00+01:00;2022;2;7853;7368;8338;100,0;28;28;0;5;99,9;Totalt i retning Tromsø;7427;421;108;117;180;15;15;0
02636V1125920;Sandnessundbrua;FV862 S2D1 m609;2022-02-01T00:00+01:00;2022-03-01T00:00+01:00;2022;2;7857;7350;8364;100,0;28;28;0;1;100,0;Totalt i retning Kvaløya;7455;401;102;106;178;14;14;0
02636V1125920;Sandnessundbrua;FV862 S2D1 m609;2022-02-01T00:00+01:00;2022-03-01T00:00+01:00;2022;2;15710;14720;16700;100,0;28;28;0;6;100,0;Totalt;14883;822;211;223;358;29;29;0
02636V1125920;Sandnessundbrua;FV862 S2D1 m609;2022-03-01T00:00+01:00;2022-04-01T00:00+02:00;2022;3;8112;7732;8492;100,0;31;31;0;3;100,0;1;7681;429;111;117;183;18;18;0
02636V1125920;Sandnessundbrua;FV862 S2D1 m609;2022-03-01T00:00+01:00;2022-04-01T00:00+02:00;2022;3;8113;7741;8485;100,0;31;31;0;1;100,0;2;7682;430;109;119;184;18;18;0
02636V1125920;Sandnessundbrua;FV862 S2D1 m609;2022-03-01T00:00+01:00;2022-04-01T00:00+02:00;2022;3;8113;7741;8485;100,0;31;31;0;0;100,0;Totalt i retning Tromsø;7682;430;109;119;184;18;18;0
02636V1125920;Sandnessundbrua;FV862 S2D1 m609;2022-03-01T00:00+01:00;2022-04-01T00:00+02:00;2022;3;8112;7732;8492;100,0;31;31;0;3;100,0;Totalt i retning Kvaløya;7681;429;111;117;183;18;18;0
02636V1125920;Sandnessundbrua;FV862 S2D1 m609;2022-03-01T00:00+01:00;2022-04-01T00:00+02:00;2022;3;16225;15474;16976;100,0;31;31;0;3;100,0;Totalt;15363;859;220;236;367;36;36;0
02636V1125920;Sandnessundbrua;FV862 S2D1 m609;2022-04-01T00:00+02:00;2022-05-01T00:00+02:00;2022;4;7724;7076;8372;100,0;30;30;0;1;100,0;1;7342;381;96;110;160;14;14;0
02636V1125920;Sandnessundbrua;FV862 S2D1 m609;2022-04-01T00:00+02:00;2022-05-01T00:00+02:00;2022;4;7715;7087;8343;100,0;30;30;0;1;100,0;2;7331;383;94;113;160;15;15;0
02636V1125920;Sandnessundbrua;FV862 S2D1 m609;2022-04-01T00:00+02:00;2022-05-01T00:00+02:00;2022;4;7715;7087;8343;100,0;30;30;0;1;100,0;Totalt i retning Tromsø;7331;383;94;113;160;15;15;0
02636V1125920;Sandnessundbrua;FV862 S2D1 m609;2022-04-01T00:00+02:00;2022-05-01T00:00+02:00;2022;4;7724;7076;8372;100,0;30;30;0;1;100,0;Totalt i retning Kvaløya;7342;381;96;110;160;14;14;0
02636V1125920;Sandnessundbrua;FV862 S2D1 m609;2022-04-01T00:00+02:00;2022-05-01T00:00+02:00;2022;4;15439;14165;16713;100,0;30;30;0;1;100,0;Totalt;14674;764;191;224;320;29;29;0
02636V1125920;Sandnessundbrua;FV862 S2D1 m609;2022-05-01T00:00+02:00;2022-06-01T00:00+02:00;2022;5;8516;7880;9152;100,0;31;31;0;1;100,0;1;8031;483;134;163;171;16;16;0
02636V1125920;Sandnessundbrua;FV862 S2D1 m609;2022-05-01T00:00+02:00;2022-06-01T00:00+02:00;2022;5;8503;7918;9088;100,0;31;31;0;1;100,0;2;8024;478;127;164;171;16;16;0
02636V1125920;Sandnessundbrua;FV862 S2D1 m609;2022-05-01T00:00+02:00;2022-06-01T00:00+02:00;2022;5;8503;7918;9088;100,0;31;31;0;1;100,0;Totalt i retning Tromsø;8024;478;127;164;171;16;16;0
02636V1125920;Sandnessundbrua;FV862 S2D1 m609;2022-05-01T00:00+02:00;2022-06-01T00:00+02:00;2022;5;8516;7880;9152;100,0;31;31;0;1;100,0;Totalt i retning Kvaløya;8031;483;134;163;171;16;16;0
02636V1125920;Sandnessundbrua;FV862 S2D1 m609;2022-05-01T00:00+02:00;2022-06-01T00:00+02:00;2022;5;17019;15800;18238;100,0;31;31;0;2;100,0;Totalt;16055;961;261;327;342;32;32;0
02636V1125920;Sandnessundbrua;FV862 S2D1 m609;2022-06-01T00:00+02:00;2022-07-01T00:00+02:00;2022;6;9047;8482;9612;100,0;30;30;0;4;100,0;1;8442;601;183;220;181;17;17;0
02636V1125920;Sandnessundbrua;FV862 S2D1 m609;2022-06-01T00:00+02:00;2022-07-01T00:00+02:00;2022;6;9003;8491;9515;100,0;30;30;0;1;100,0;2;8401;600;170;231;183;17;17;0
02636V1125920;Sandnessundbrua;FV862 S2D1 m609;2022-06-01T00:00+02:00;2022-07-01T00:00+02:00;2022;6;9003;8491;9515;100,0;30;30;0;1;100,0;Totalt i retning Tromsø;8401;600;170;231;183;17;17;0
02636V1125920;Sandnessundbrua;FV862 S2D1 m609;2022-06-01T00:00+02:00;2022-07-01T00:00+02:00;2022;6;9047;8482;9612;100,0;30;30;0;4;100,0;Totalt i retning Kvaløya;8442;601;183;220;181;17;17;0
02636V1125920;Sandnessundbrua;FV862 S2D1 m609;2022-06-01T00:00+02:00;2022-07-01T00:00+02:00;2022;6;18050;16977;19123;100,0;30;30;0;5;100,0;Totalt;16843;1202;353;451;363;34;34;0
02636V1125920;Sandnessundbrua;FV862 S2D1 m609;2022-07-01T00:00+02:00;2022-08-01T00:00+02:00;2022;7;6988;6582;7394;100,0;31;31;0;1;100,0;1;6498;489;161;184;132;11;11;0
02636V1125920;Sandnessundbrua;FV862 S2D1 m609;2022-07-01T00:00+02:00;2022-08-01T00:00+02:00;2022;7;6919;6557;7281;100,0;31;31;0;1;100,0;2;6450;468;139;186;132;11;11;0
02636V1125920;Sandnessundbrua;FV862 S2D1 m609;2022-07-01T00:00+02:00;2022-08-01T00:00+02:00;2022;7;6919;6557;7281;100,0;31;31;0;1;100,0;Totalt i retning Tromsø;6450;468;139;186;132;11;11;0
02636V1125920;Sandnessundbrua;FV862 S2D1 m609;2022-07-01T00:00+02:00;2022-08-01T00:00+02:00;2022;7;6988;6582;7394;100,0;31;31;0;1;100,0;Totalt i retning Kvaløya;6498;489;161;184;132;11;11;0
02636V1125920;Sandnessundbrua;FV862 S2D1 m609;2022-07-01T00:00+02:00;2022-08-01T00:00+02:00;2022;7;13907;13146;14668;100,0;31;31;0;2;100,0;Totalt;12948;957;300;370;264;22;22;0
02636V1125920;Sandnessundbrua;FV862 S2D1 m609;2022-08-01T00:00+02:00;2022-09-01T00:00+02:00;2022;8;8409;7906;8912;100,0;31;31;0;2;100,0;1;7860;547;162;213;157;16;16;0
02636V1125920;Sandnessundbrua;FV862 S2D1 m609;2022-08-01T00:00+02:00;2022-09-01T00:00+02:00;2022;8;8387;7925;8849;100,0;31;31;0;1;100,0;2;7854;531;147;212;156;16;16;0
02636V1125920;Sandnessundbrua;FV862 S2D1 m609;2022-08-01T00:00+02:00;2022-09-01T00:00+02:00;2022;8;8387;7925;8849;100,0;31;31;0;1;100,0;Totalt i retning Tromsø;7854;531;147;212;156;16;16;0
02636V1125920;Sandnessundbrua;FV862 S2D1 m609;2022-08-01T00:00+02:00;2022-09-01T00:00+02:00;2022;8;8409;7906;8912;100,0;31;31;0;2;100,0;Totalt i retning Kvaløya;7860;547;163;213;157;16;16;0
02636V1125920;Sandnessundbrua;FV862 S2D1 m609;2022-08-01T00:00+02:00;2022-09-01T00:00+02:00;2022;8;16797;15835;17759;100,0;31;31;0;4;100,0;Totalt;15714;1078;309;425;313;31;31;0
02636V1125920;Sandnessundbrua;FV862 S2D1 m609;2022-09-01T00:00+02:00;2022-10-01T00:00+02:00;2022;9;8820;8345;9295;100,0;30;30;0;3;100,0;1;8229;588;155;227;190;16;16;0
02636V1125920;Sandnessundbrua;FV862 S2D1 m609;2022-09-01T00:00+02:00;2022-10-01T00:00+02:00;2022;9;8795;8362;9228;100,0;30;30;0;0;100,0;2;8212;583;149;227;192;16;16;0
02636V1125920;Sandnessundbrua;FV862 S2D1 m609;2022-09-01T00:00+02:00;2022-10-01T00:00+02:00;2022;9;8795;8362;9228;100,0;30;30;0;1;100,0;Totalt i retning Tromsø;8211;583;149;227;192;16;16;0
02636V1125920;Sandnessundbrua;FV862 S2D1 m609;2022-09-01T00:00+02:00;2022-10-01T00:00+02:00;2022;9;8821;8346;9296;100,0;30;30;0;4;100,0;Totalt i retning Kvaløya;8230;588;155;227;190;16;16;0
02636V1125920;Sandnessundbrua;FV862 S2D1 m609;2022-09-01T00:00+02:00;2022-10-01T00:00+02:00;2022;9;17616;16711;18521;100,0;30;30;0;4;100,0;Totalt;16441;1171;304;454;382;31;31;0
02636V1125920;Sandnessundbrua;FV862 S2D1 m609;2022-10-01T00:00+02:00;2022-11-01T00:00+01:00;2022;10;8181;7680;8682;96,8;31;30;1;1;100,0;1;7678;502;132;177;179;14;14;0
02636V1125920;Sandnessundbrua;FV862 S2D1 m609;2022-10-01T00:00+02:00;2022-11-01T00:00+01:00;2022;10;8197;7736;8658;96,8;31;30;1;1;100,0;2;7697;499;126;178;180;14;14;0
02636V1125920;Sandnessundbrua;FV862 S2D1 m609;2022-10-01T00:00+02:00;2022-11-01T00:00+01:00;2022;10;8197;7736;8658;96,8;31;30;1;1;100,0;Totalt i retning Tromsø;7697;499;126;178;180;14;14;0
02636V1125920;Sandnessundbrua;FV862 S2D1 m609;2022-10-01T00:00+02:00;2022-11-01T00:00+01:00;2022;10;8181;7680;8682;96,8;31;30;1;1;100,0;Totalt i retning Kvaløya;7678;502;132;177;179;14;14;0
02636V1125920;Sandnessundbrua;FV862 S2D1 m609;2022-10-01T00:00+02:00;2022-11-01T00:00+01:00;2022;10;16378;15417;17339;96,8;31;30;1;2;100,0;Totalt;15375;1001;258;355;359;28;28;0
02636V1125920;Sandnessundbrua;FV862 S2D1 m609;2022-11-01T00:00+01:00;2022-12-01T00:00+01:00;2022;11;8180;7717;8643;100,0;30;30;0;1;100,0;1;7718;461;124;142;182;14;14;0
02636V1125920;Sandnessundbrua;FV862 S2D1 m609;2022-11-01T00:00+01:00;2022-12-01T00:00+01:00;2022;11;8175;7744;8606;100,0;30;30;0;0;100,0;2;7717;458;121;142;182;14;14;0
02636V1125920;Sandnessundbrua;FV862 S2D1 m609;2022-11-01T00:00+01:00;2022-12-01T00:00+01:00;2022;11;8175;7744;8606;100,0;30;30;0;0;100,0;Totalt i retning Tromsø;7717;458;121;142;182;14;14;0
02636V1125920;Sandnessundbrua;FV862 S2D1 m609;2022-11-01T00:00+01:00;2022-12-01T00:00+01:00;2022;11;8180;7717;8643;100,0;30;30;0;1;100,0;Totalt i retning Kvaløya;7718;461;124;142;182;14;14;0
02636V1125920;Sandnessundbrua;FV862 S2D1 m609;2022-11-01T00:00+01:00;2022-12-01T00:00+01:00;2022;11;16355;15462;17248;100,0;30;30;0;1;100,0;Totalt;15435;920;244;284;363;28;28;0
02636V1125920;Sandnessundbrua;FV862 S2D1 m609;2022-12-01T00:00+01:00;2023-01-01T00:00+01:00;2022;12;7666;7043;8289;100,0;31;31;0;1;100,0;1;7291;374;102;104;159;9;9;0
02636V1125920;Sandnessundbrua;FV862 S2D1 m609;2022-12-01T00:00+01:00;2023-01-01T00:00+01:00;2022;12;7661;7061;8261;100,0;31;31;0;1;100,0;2;7287;373;101;103;159;9;9;0
02636V1125920;Sandnessundbrua;FV862 S2D1 m609;2022-12-01T00:00+01:00;2023-01-01T00:00+01:00;2022;12;7660;7060;8260;100,0;31;31;0;0;100,0;Totalt i retning Tromsø;7287;373;101;103;159;9;9;0
02636V1125920;Sandnessundbrua;FV862 S2D1 m609;2022-12-01T00:00+01:00;2023-01-01T00:00+01:00;2022;12;7666;7043;8289;100,0;31;31;0;1;100,0;Totalt i retning Kvaløya;7291;374;102;105;159;9;9;0
02636V1125920;Sandnessundbrua;FV862 S2D1 m609;2022-12-01T00:00+01:00;2023-01-01T00:00+01:00;2022;12;15327;14105;16549;100,0;31;31;0;2;100,0;Totalt;14578;747;203;208;319;18;18;0
02636V1125920;Sandnessundbrua;FV862 S2D1 m609;2023-01-01T00:00+01:00;2023-02-01T00:00+01:00;2023;1;6821;6393;7249;100,0;31;31;0;2;100,0;1;6429;391;104;102;174;11;11;0
02636V1125920;Sandnessundbrua;FV862 S2D1 m609;2023-01-01T00:00+01:00;2023-02-01T00:00+01:00;2023;1;6820;6408;7232;100,0;31;31;0;0;100,0;2;6423;396;106;106;174;11;11;0
02636V1125920;Sandnessundbrua;FV862 S2D1 m609;2023-01-01T00:00+01:00;2023-02-01T00:00+01:00;2023;1;6819;6407;7231;100,0;31;31;0;0;100,0;Totalt i retning Tromsø;6422;396;106;106;174;11;11;0
02636V1125920;Sandnessundbrua;FV862 S2D1 m609;2023-01-01T00:00+01:00;2023-02-01T00:00+01:00;2023;1;6822;6394;7250;100,0;31;31;0;2;100,0;Totalt i retning Kvaløya;6430;391;104;102;174;11;11;0
02636V1125920;Sandnessundbrua;FV862 S2D1 m609;2023-01-01T00:00+01:00;2023-02-01T00:00+01:00;2023;1;13641;12801;14481;100,0;31;31;0;2;100,0;Totalt;12852;787;210;208;347;21;21;0
02636V1125920;Sandnessundbrua;FV862 S2D1 m609;2023-02-01T00:00+01:00;2023-03-01T00:00+01:00;2023;2;7076;6571;7581;100,0;28;28;0;1;100,0;1;6668;407;112;107;176;12;12;0
02636V1125920;Sandnessundbrua;FV862 S2D1 m609;2023-02-01T00:00+01:00;2023-03-01T00:00+01:00;2023;2;7073;6606;7540;100,0;28;28;0;0;100,0;2;6662;411;112;110;176;13;13;0
02636V1125920;Sandnessundbrua;FV862 S2D1 m609;2023-02-01T00:00+01:00;2023-03-01T00:00+01:00;2023;2;7074;6607;7541;100,0;28;28;0;1;100,0;Totalt i retning Tromsø;6662;411;112;110;176;13;13;0
02636V1125920;Sandnessundbrua;FV862 S2D1 m609;2023-02-01T00:00+01:00;2023-03-01T00:00+01:00;2023;2;7075;6570;7580;100,0;28;28;0;1;100,0;Totalt i retning Kvaløya;6668;407;111;107;176;12;12;0
02636V1125920;Sandnessundbrua;FV862 S2D1 m609;2023-02-01T00:00+01:00;2023-03-01T00:00+01:00;2023;2;14149;13177;15121;100,0;28;28;0;2;100,0;Totalt;13330;817;224;217;352;25;25;0
02636V1125920;Sandnessundbrua;FV862 S2D1 m609;2023-03-01T00:00+01:00;2023-04-01T00:00+02:00;2023;3;7330;6926;7734;100,0;31;31;0;1;100,0;1;6906;423;111;116;184;12;12;0
02636V1125920;Sandnessundbrua;FV862 S2D1 m609;2023-03-01T00:00+01:00;2023-04-01T00:00+02:00;2023;3;7321;6937;7705;100,0;31;31;0;1;100,0;2;6885;435;115;123;184;13;13;0
02636V1125920;Sandnessundbrua;FV862 S2D1 m609;2023-03-01T00:00+01:00;2023-04-01T00:00+02:00;2023;3;7321;6937;7705;100,0;31;31;0;1;100,0;Totalt i retning Tromsø;6886;435;115;123;184;13;13;0
02636V1125920;Sandnessundbrua;FV862 S2D1 m609;2023-03-01T00:00+01:00;2023-04-01T00:00+02:00;2023;3;7329;6925;7733;100,0;31;31;0;0;100,0;Totalt i retning Kvaløya;6905;423;111;116;184;12;12;0
02636V1125920;Sandnessundbrua;FV862 S2D1 m609;2023-03-01T00:00+01:00;2023-04-01T00:00+02:00;2023;3;14651;13865;15437;100,0;31;31;0;2;100,0;Totalt;13791;858;225;239;367;26;26;0
02636V1125920;Sandnessundbrua;FV862 S2D1 m609;2023-04-01T00:00+02:00;2023-05-01T00:00+02:00;2023;4;6932;6271;7593;86,7;30;26;1;1;100,0;1;6570;361;90;103;159;10;10;0
02636V1125920;Sandnessundbrua;FV862 S2D1 m609;2023-04-01T00:00+02:00;2023-05-01T00:00+02:00;2023;4;6946;6303;7589;86,7;30;26;1;0;100,0;2;6582;364;88;105;159;11;11;0
02636V1125920;Sandnessundbrua;FV862 S2D1 m609;2023-04-01T00:00+02:00;2023-05-01T00:00+02:00;2023;4;6946;6303;7589;86,7;30;26;1;0;100,0;Totalt i retning Tromsø;6582;364;88;105;159;11;11;0
02636V1125920;Sandnessundbrua;FV862 S2D1 m609;2023-04-01T00:00+02:00;2023-05-01T00:00+02:00;2023;4;6932;6271;7593;86,7;30;26;1;1;100,0;Totalt i retning Kvaløya;6570;361;90;103;159;10;10;0
02636V1125920;Sandnessundbrua;FV862 S2D1 m609;2023-04-01T00:00+02:00;2023-05-01T00:00+02:00;2023;4;13878;12577;15179;86,7;30;26;1;2;100,0;Totalt;13151;725;178;208;318;21;21;0
31157V2782679;Tromsøysundtunnelen T2;EV8 S2D1 m5455;2022-01-01T00:00+01:00;2022-02-01T00:00+01:00;2022;1;4334;3894;4774;100,0;31;31;0;1;100,0;1;3817;516;254;134;68;60;56;4
31157V2782679;Tromsøysundtunnelen T2;EV8 S2D1 m5455;2022-01-01T00:00+01:00;2022-02-01T00:00+01:00;2022;1;609;496;722;100,0;31;31;0;1;99,8;3;578;30;25;3;2;0;0;0
31157V2782679;Tromsøysundtunnelen T2;EV8 S2D1 m5455;2022-01-01T00:00+01:00;2022-02-01T00:00+01:00;2022;1;2;1;3;100,0;31;31;0;1;50,0;Totalt i retning Tomasjord;1;0;0;0;0;0;0;0
31157V2782679;Tromsøysundtunnelen T2;EV8 S2D1 m5455;2022-01-01T00:00+01:00;2022-02-01T00:00+01:00;2022;1;4941;4401;5481;100,0;31;31;0;1;100,0;Totalt i retning Tromsøya;4394;546;279;137;70;60;56;4
31157V2782679;Tromsøysundtunnelen T2;EV8 S2D1 m5455;2022-01-01T00:00+01:00;2022-02-01T00:00+01:00;2022;1;4942;4401;5483;100,0;31;31;0;1;100,0;Totalt;4395;546;279;137;70;60;56;4
31157V2782679;Tromsøysundtunnelen T2;EV8 S2D1 m5455;2022-02-01T00:00+01:00;2022-03-01T00:00+01:00;2022;2;4819;4381;5257;100,0;28;28;0;1;100,0;1;4259;559;265;146;77;71;66;5
31157V2782679;Tromsøysundtunnelen T2;EV8 S2D1 m5455;2022-02-01T00:00+01:00;2022-03-01T00:00+01:00;2022;2;628;530;726;100,0;28;28;0;0;100,0;3;601;27;23;3;1;0;0;0
31157V2782679;Tromsøysundtunnelen T2;EV8 S2D1 m5455;2022-02-01T00:00+01:00;2022-03-01T00:00+01:00;2022;2;0;0;0;100,0;28;28;0;0;-;Totalt i retning Tomasjord;0;0;0;0;0;0;0;0
31157V2782679;Tromsøysundtunnelen T2;EV8 S2D1 m5455;2022-02-01T00:00+01:00;2022-03-01T00:00+01:00;2022;2;5447;4913;5981;100,0;28;28;0;1;100,0;Totalt i retning Tromsøya;4860;586;288;149;78;71;66;5
31157V2782679;Tromsøysundtunnelen T2;EV8 S2D1 m5455;2022-02-01T00:00+01:00;2022-03-01T00:00+01:00;2022;2;5447;4913;5981;100,0;28;28;0;1;100,0;Totalt;4860;586;288;149;78;71;66;5
31157V2782679;Tromsøysundtunnelen T2;EV8 S2D1 m5455;2022-03-01T00:00+01:00;2022-04-01T00:00+02:00;2022;3;4877;4458;5296;100,0;31;31;0;1;100,0;1;4297;579;278;149;79;74;69;5
31157V2782679;Tromsøysundtunnelen T2;EV8 S2D1 m5455;2022-03-01T00:00+01:00;2022-04-01T00:00+02:00;2022;3;678;579;777;100,0;31;31;0;1;99,9;3;647;30;26;3;1;1;1;0
31157V2782679;Tromsøysundtunnelen T2;EV8 S2D1 m5455;2022-03-01T00:00+01:00;2022-04-01T00:00+02:00;2022;3;1;0;2;100,0;31;31;0;0;100,0;Totalt i retning Tomasjord;0;0;0;0;0;0;0;0
31157V2782679;Tromsøysundtunnelen T2;EV8 S2D1 m5455;2022-03-01T00:00+01:00;2022-04-01T00:00+02:00;2022;3;5554;5037;6071;100,0;31;31;0;1;100,0;Totalt i retning Tromsøya;4944;609;303;152;80;74;69;5
31157V2782679;Tromsøysundtunnelen T2;EV8 S2D1 m5455;2022-03-01T00:00+01:00;2022-04-01T00:00+02:00;2022;3;5555;5038;6072;100,0;31;31;0;2;100,0;Totalt;4944;609;303;152;80;74;69;5
31157V2782679;Tromsøysundtunnelen T2;EV8 S2D1 m5455;2022-04-01T00:00+02:00;2022-05-01T00:00+02:00;2022;4;4429;3863;4995;100,0;30;30;0;0;100,0;1;3920;509;234;139;70;65;61;4
31157V2782679;Tromsøysundtunnelen T2;EV8 S2D1 m5455;2022-04-01T00:00+02:00;2022-05-01T00:00+02:00;2022;4;572;451;693;100,0;30;30;0;0;100,0;3;549;23;19;2;1;0;0;0
31157V2782679;Tromsøysundtunnelen T2;EV8 S2D1 m5455;2022-04-01T00:00+02:00;2022-05-01T00:00+02:00;2022;4;0;0;0;100,0;30;30;0;0;-;Totalt i retning Tomasjord;0;0;0;0;0;0;0;0
31157V2782679;Tromsøysundtunnelen T2;EV8 S2D1 m5455;2022-04-01T00:00+02:00;2022-05-01T00:00+02:00;2022;4;5002;4318;5686;100,0;30;30;0;1;100,0;Totalt i retning Tromsøya;4469;532;254;142;70;66;62;4
31157V2782679;Tromsøysundtunnelen T2;EV8 S2D1 m5455;2022-04-01T00:00+02:00;2022-05-01T00:00+02:00;2022;4;5002;4318;5686;100,0;30;30;0;1;100,0;Totalt;4469;532;254;142;70;66;62;4
31157V2782679;Tromsøysundtunnelen T2;EV8 S2D1 m5455;2022-05-01T00:00+02:00;2022-06-01T00:00+02:00;2022;5;4767;4281;5253;100,0;31;31;0;1;100,0;1;4157;609;267;184;78;78;74;4
31157V2782679;Tromsøysundtunnelen T2;EV8 S2D1 m5455;2022-05-01T00:00+02:00;2022-06-01T00:00+02:00;2022;5;684;561;807;100,0;31;31;0;0;100,0;3;653;31;25;4;1;0;0;0
31157V2782679;Tromsøysundtunnelen T2;EV8 S2D1 m5455;2022-05-01T00:00+02:00;2022-06-01T00:00+02:00;2022;5;1;0;2;100,0;31;31;0;0;100,0;Totalt i retning Tomasjord;0;1;0;1;0;0;0;0
31157V2782679;Tromsøysundtunnelen T2;EV8 S2D1 m5455;2022-05-01T00:00+02:00;2022-06-01T00:00+02:00;2022;5;5450;4844;6056;100,0;31;31;0;1;100,0;Totalt i retning Tromsøya;4810;639;292;188;79;80;75;5
31157V2782679;Tromsøysundtunnelen T2;EV8 S2D1 m5455;2022-05-01T00:00+02:00;2022-06-01T00:00+02:00;2022;5;5451;4845;6057;100,0;31;31;0;2;100,0;Totalt;4810;639;293;189;79;80;75;5
31157V2782679;Tromsøysundtunnelen T2;EV8 S2D1 m5455;2022-06-01T00:00+02:00;2022-07-01T00:00+02:00;2022;6;5091;4589;5593;100,0;30;30;0;0;100,0;1;4354;737;320;239;84;94;89;5
31157V2782679;Tromsøysundtunnelen T2;EV8 S2D1 m5455;2022-06-01T00:00+02:00;2022-07-01T00:00+02:00;2022;6;771;617;925;100,0;30;30;0;0;100,0;3;732;40;30;7;2;1;1;0
31157V2782679;Tromsøysundtunnelen T2;EV8 S2D1 m5455;2022-06-01T00:00+02:00;2022-07-01T00:00+02:00;2022;6;0;-1;1;100,0;30;30;0;0;-;Totalt i retning Tomasjord;0;0;0;0;0;0;0;0
31157V2782679;Tromsøysundtunnelen T2;EV8 S2D1 m5455;2022-06-01T00:00+02:00;2022-07-01T00:00+02:00;2022;6;5862;5227;6497;100,0;30;30;0;1;100,0;Totalt i retning Tromsøya;5085;776;349;246;86;94;89;5
31157V2782679;Tromsøysundtunnelen T2;EV8 S2D1 m5455;2022-06-01T00:00+02:00;2022-07-01T00:00+02:00;2022;6;5862;5227;6497;100,0;30;30;0;0;100,0;Totalt;5085;776;349;246;86;94;89;5
31157V2782679;Tromsøysundtunnelen T2;EV8 S2D1 m5455;2022-07-01T00:00+02:00;2022-08-01T00:00+02:00;2022;7;3529;3190;3868;100,0;31;31;0;0;100,0;1;3029;500;221;168;47;63;59;4
31157V2782679;Tromsøysundtunnelen T2;EV8 S2D1 m5455;2022-07-01T00:00+02:00;2022-08-01T00:00+02:00;2022;7;359;303;415;100,0;31;31;0;0;100,0;3;341;17;13;3;1;0;0;0
31157V2782679;Tromsøysundtunnelen T2;EV8 S2D1 m5455;2022-07-01T00:00+02:00;2022-08-01T00:00+02:00;2022;7;0;0;0;100,0;31;31;0;0;-;Totalt i retning Tomasjord;0;0;0;0;0;0;0;0
31157V2782679;Tromsøysundtunnelen T2;EV8 S2D1 m5455;2022-07-01T00:00+02:00;2022-08-01T00:00+02:00;2022;7;3888;3495;4281;100,0;31;31;0;1;100,0;Totalt i retning Tromsøya;3370;517;234;171;48;63;59;4
31157V2782679;Tromsøysundtunnelen T2;EV8 S2D1 m5455;2022-07-01T00:00+02:00;2022-08-01T00:00+02:00;2022;7;3888;3495;4281;100,0;31;31;0;1;100,0;Totalt;3370;517;234;171;48;63;59;4
31157V2782679;Tromsøysundtunnelen T2;EV8 S2D1 m5455;2022-08-01T00:00+02:00;2022-09-01T00:00+02:00;2022;8;4569;4147;4991;100,0;31;31;0;0;100,0;1;3947;622;274;209;63;76;72;4
31157V2782679;Tromsøysundtunnelen T2;EV8 S2D1 m5455;2022-08-01T00:00+02:00;2022-09-01T00:00+02:00;2022;8;638;522;754;100,0;31;31;0;0;100,0;3;606;32;25;5;1;1;1;0
31157V2782679;Tromsøysundtunnelen T2;EV8 S2D1 m5455;2022-08-01T00:00+02:00;2022-09-01T00:00+02:00;2022;8;0;0;0;100,0;31;31;0;0;-;Totalt i retning Tomasjord;-;-;-;-;-;-;-;-
31157V2782679;Tromsøysundtunnelen T2;EV8 S2D1 m5455;2022-08-01T00:00+02:00;2022-09-01T00:00+02:00;2022;8;5207;4678;5736;100,0;31;31;0;1;100,0;Totalt i retning Tromsøya;4552;654;299;214;64;77;73;4
31157V2782679;Tromsøysundtunnelen T2;EV8 S2D1 m5455;2022-08-01T00:00+02:00;2022-09-01T00:00+02:00;2022;8;5207;4678;5736;100,0;31;31;0;1;100,0;Totalt;4552;654;299;214;64;77;73;4
31157V2782679;Tromsøysundtunnelen T2;EV8 S2D1 m5455;2022-09-01T00:00+02:00;2022-10-01T00:00+02:00;2022;9;4937;4499;5375;100,0;30;30;0;0;100,0;1;4244;693;313;218;80;82;77;5
31157V2782679;Tromsøysundtunnelen T2;EV8 S2D1 m5455;2022-09-01T00:00+02:00;2022-10-01T00:00+02:00;2022;9;749;637;861;100,0;30;30;0;1;99,9;3;714;35;28;5;1;0;0;0
31157V2782679;Tromsøysundtunnelen T2;EV8 S2D1 m5455;2022-09-01T00:00+02:00;2022-10-01T00:00+02:00;2022;9;0;0;0;100,0;30;30;0;0;-;Totalt i retning Tomasjord;-;-;-;-;-;-;-;-
31157V2782679;Tromsøysundtunnelen T2;EV8 S2D1 m5455;2022-09-01T00:00+02:00;2022-10-01T00:00+02:00;2022;9;5686;5137;6235;100,0;30;30;0;1;100,0;Totalt i retning Tromsøya;4957;728;341;223;81;83;78;5
31157V2782679;Tromsøysundtunnelen T2;EV8 S2D1 m5455;2022-09-01T00:00+02:00;2022-10-01T00:00+02:00;2022;9;5686;5137;6235;100,0;30;30;0;0;100,0;Totalt;4958;728;341;223;81;83;78;5
31157V2782679;Tromsøysundtunnelen T2;EV8 S2D1 m5455;2022-10-01T00:00+02:00;2022-11-01T00:00+01:00;2022;10;4736;4299;5173;100,0;31;31;0;1;100,0;1;4105;630;283;194;75;78;74;4
31157V2782679;Tromsøysundtunnelen T2;EV8 S2D1 m5455;2022-10-01T00:00+02:00;2022-11-01T00:00+01:00;2022;10;701;585;817;100,0;31;31;0;0;100,0;3;667;34;28;4;1;0;0;0
31157V2782679;Tromsøysundtunnelen T2;EV8 S2D1 m5455;2022-10-01T00:00+02:00;2022-11-01T00:00+01:00;2022;10;1;-1;3;100,0;31;31;0;1;0,0;Totalt i retning Tomasjord;-;-;-;-;-;-;-;-
31157V2782679;Tromsøysundtunnelen T2;EV8 S2D1 m5455;2022-10-01T00:00+02:00;2022-11-01T00:00+01:00;2022;10;5435;4884;5986;100,0;31;31;0;0;100,0;Totalt i retning Tromsøya;4772;662;310;198;76;78;74;4
31157V2782679;Tromsøysundtunnelen T2;EV8 S2D1 m5455;2022-10-01T00:00+02:00;2022-11-01T00:00+01:00;2022;10;5437;4886;5988;100,0;31;31;0;1;100,0;Totalt;4773;663;311;198;76;78;74;4
31157V2782679;Tromsøysundtunnelen T2;EV8 S2D1 m5455;2022-11-01T00:00+01:00;2022-12-01T00:00+01:00;2022;11;4807;4367;5247;100,0;30;30;0;0;100,0;1;4189;618;284;179;78;77;72;5
31157V2782679;Tromsøysundtunnelen T2;EV8 S2D1 m5455;2022-11-01T00:00+01:00;2022-12-01T00:00+01:00;2022;11;715;609;821;100,0;30;30;0;0;100,0;3;683;33;28;3;1;0;0;0
31157V2782679;Tromsøysundtunnelen T2;EV8 S2D1 m5455;2022-11-01T00:00+01:00;2022-12-01T00:00+01:00;2022;11;0;0;0;100,0;30;30;0;0;-;Totalt i retning Tomasjord;-;-;-;-;-;-;-;-
31157V2782679;Tromsøysundtunnelen T2;EV8 S2D1 m5455;2022-11-01T00:00+01:00;2022-12-01T00:00+01:00;2022;11;5522;4977;6067;100,0;30;30;0;0;100,0;Totalt i retning Tromsøya;4871;651;312;182;80;77;72;5
31157V2782679;Tromsøysundtunnelen T2;EV8 S2D1 m5455;2022-11-01T00:00+01:00;2022-12-01T00:00+01:00;2022;11;5523;4978;6068;100,0;30;30;0;1;100,0;Totalt;4871;651;312;182;80;77;72;5
31157V2782679;Tromsøysundtunnelen T2;EV8 S2D1 m5455;2022-12-01T00:00+01:00;2023-01-01T00:00+01:00;2022;12;4383;3922;4844;100,0;31;31;0;1;100,0;1;3905;477;233;120;66;58;54;4
31157V2782679;Tromsøysundtunnelen T2;EV8 S2D1 m5455;2022-12-01T00:00+01:00;2023-01-01T00:00+01:00;2022;12;577;471;683;100,0;31;31;0;0;100,0;3;551;26;21;3;1;0;0;0
31157V2782679;Tromsøysundtunnelen T2;EV8 S2D1 m5455;2022-12-01T00:00+01:00;2023-01-01T00:00+01:00;2022;12;1;0;2;100,0;31;31;0;1;0,0;Totalt i retning Tomasjord;-;-;-;-;-;-;-;-
31157V2782679;Tromsøysundtunnelen T2;EV8 S2D1 m5455;2022-12-01T00:00+01:00;2023-01-01T00:00+01:00;2022;12;4960;4397;5523;100,0;31;31;0;1;100,0;Totalt i retning Tromsøya;4456;504;255;124;67;58;54;4
31157V2782679;Tromsøysundtunnelen T2;EV8 S2D1 m5455;2022-12-01T00:00+01:00;2023-01-01T00:00+01:00;2022;12;4960;4397;5523;100,0;31;31;0;1;100,0;Totalt;4456;504;255;124;67;58;54;4
31157V2782679;Tromsøysundtunnelen T2;EV8 S2D1 m5455;2023-01-01T00:00+01:00;2023-02-01T00:00+01:00;2023;1;4195;3815;4575;100,0;31;31;0;1;100,0;1;3664;529;249;139;77;65;60;5
31157V2782679;Tromsøysundtunnelen T2;EV8 S2D1 m5455;2023-01-01T00:00+01:00;2023-02-01T00:00+01:00;2023;1;543;456;630;100,0;31;31;0;0;100,0;3;516;26;21;4;1;0;0;0
31157V2782679;Tromsøysundtunnelen T2;EV8 S2D1 m5455;2023-01-01T00:00+01:00;2023-02-01T00:00+01:00;2023;1;1;0;2;100,0;31;31;0;1;0,0;Totalt i retning Tomasjord;-;-;-;-;-;-;-;-
31157V2782679;Tromsøysundtunnelen T2;EV8 S2D1 m5455;2023-01-01T00:00+01:00;2023-02-01T00:00+01:00;2023;1;4736;4273;5199;100,0;31;31;0;0;100,0;Totalt i retning Tromsøya;4181;555;270;142;78;65;60;5
31157V2782679;Tromsøysundtunnelen T2;EV8 S2D1 m5455;2023-01-01T00:00+01:00;2023-02-01T00:00+01:00;2023;1;4738;4275;5201;100,0;31;31;0;2;100,0;Totalt;4181;556;270;143;78;65;60;5
31157V2782679;Tromsøysundtunnelen T2;EV8 S2D1 m5455;2023-02-01T00:00+01:00;2023-03-01T00:00+01:00;2023;2;4219;3856;4582;100,0;28;28;0;0;100,0;1;3679;540;252;144;78;65;61;4
31157V2782679;Tromsøysundtunnelen T2;EV8 S2D1 m5455;2023-02-01T00:00+01:00;2023-03-01T00:00+01:00;2023;2;561;475;647;100,0;28;28;0;1;99,8;3;534;26;20;4;1;0;0;0
31157V2782679;Tromsøysundtunnelen T2;EV8 S2D1 m5455;2023-02-01T00:00+01:00;2023-03-01T00:00+01:00;2023;2;0;0;0;100,0;28;28;0;0;-;Totalt i retning Tomasjord;-;-;-;-;-;-;-;-
31157V2782679;Tromsøysundtunnelen T2;EV8 S2D1 m5455;2023-02-01T00:00+01:00;2023-03-01T00:00+01:00;2023;2;4780;4336;5224;100,0;28;28;0;1;100,0;Totalt i retning Tromsøya;4213;566;272;149;80;65;61;4
31157V2782679;Tromsøysundtunnelen T2;EV8 S2D1 m5455;2023-02-01T00:00+01:00;2023-03-01T00:00+01:00;2023;2;4780;4336;5224;100,0;28;28;0;1;100,0;Totalt;4213;566;272;149;80;65;61;4
31157V2782679;Tromsøysundtunnelen T2;EV8 S2D1 m5455;2023-03-01T00:00+01:00;2023-04-01T00:00+02:00;2023;3;4370;4019;4721;100,0;31;31;0;0;100,0;1;3817;553;259;145;82;66;61;5
31157V2782679;Tromsøysundtunnelen T2;EV8 S2D1 m5455;2023-03-01T00:00+01:00;2023-04-01T00:00+02:00;2023;3;562;483;641;100,0;31;31;0;1;99,8;3;533;28;21;5;1;1;1;0
31157V2782679;Tromsøysundtunnelen T2;EV8 S2D1 m5455;2023-03-01T00:00+01:00;2023-04-01T00:00+02:00;2023;3;0;0;0;100,0;31;31;0;0;-;Totalt i retning Tomasjord;-;-;-;-;-;-;-;-
31157V2782679;Tromsøysundtunnelen T2;EV8 S2D1 m5455;2023-03-01T00:00+01:00;2023-04-01T00:00+02:00;2023;3;4931;4513;5349;100,0;31;31;0;0;100,0;Totalt i retning Tromsøya;4350;581;281;150;84;67;62;5
31157V2782679;Tromsøysundtunnelen T2;EV8 S2D1 m5455;2023-03-01T00:00+01:00;2023-04-01T00:00+02:00;2023;3;4932;4514;5350;100,0;31;31;0;1;100,0;Totalt;4350;581;281;150;84;67;62;5
31157V2782679;Tromsøysundtunnelen T2;EV8 S2D1 m5455;2023-04-01T00:00+02:00;2023-05-01T00:00+02:00;2023;4;3866;3363;4369;100,0;30;30;0;0;100,0;1;3410;455;218;122;62;53;49;4
31157V2782679;Tromsøysundtunnelen T2;EV8 S2D1 m5455;2023-04-01T00:00+02:00;2023-05-01T00:00+02:00;2023;4;460;363;557;100,0;30;30;0;1;99,8;3;438;21;18;3;1;0;0;0
31157V2782679;Tromsøysundtunnelen T2;EV8 S2D1 m5455;2023-04-01T00:00+02:00;2023-05-01T00:00+02:00;2023;4;0;-1;1;100,0;30;30;0;0;-;Totalt i retning Tomasjord;-;-;-;-;-;-;-;-
31157V2782679;Tromsøysundtunnelen T2;EV8 S2D1 m5455;2023-04-01T00:00+02:00;2023-05-01T00:00+02:00;2023;4;4326;3727;4925;100,0;30;30;0;1;100,0;Totalt i retning Tromsøya;3848;476;235;124;63;54;50;4
31157V2782679;Tromsøysundtunnelen T2;EV8 S2D1 m5455;2023-04-01T00:00+02:00;2023-05-01T00:00+02:00;2023;4;4326;3727;4925;100,0;30;30;0;1;100,0;Totalt;3849;476;235;125;63;54;50;4
68511V2673383;Tromsøysundtunnelen T1;EV8 S2D1 m2967;2022-01-01T00:00+01:00;2022-02-01T00:00+01:00;2022;1;654;531;777;100,0;31;31;0;1;99,8;1;607;46;39;6;1;0;0;0
68511V2673383;Tromsøysundtunnelen T1;EV8 S2D1 m2967;2022-01-01T00:00+01:00;2022-02-01T00:00+01:00;2022;1;4411;3955;4867;100,0;31;31;0;1;100,0;3;3986;423;150;128;73;73;69;4
68511V2673383;Tromsøysundtunnelen T1;EV8 S2D1 m2967;2022-01-01T00:00+01:00;2022-02-01T00:00+01:00;2022;1;2;1;3;100,0;31;31;0;1;50,0;Totalt i retning Tromsøya;1;1;0;0;0;0;0;0
68511V2673383;Tromsøysundtunnelen T1;EV8 S2D1 m2967;2022-01-01T00:00+01:00;2022-02-01T00:00+01:00;2022;1;5063;4487;5639;100,0;31;31;0;1;100,0;Totalt i retning Tomasjord;4593;469;188;134;73;74;70;4
68511V2673383;Tromsøysundtunnelen T1;EV8 S2D1 m2967;2022-01-01T00:00+01:00;2022-02-01T00:00+01:00;2022;1;5064;4488;5640;100,0;31;31;0;1;100,0;Totalt;4593;470;189;134;73;74;70;4
68511V2673383;Tromsøysundtunnelen T1;EV8 S2D1 m2967;2022-02-01T00:00+01:00;2022-03-01T00:00+01:00;2022;2;899;574;1224;100,0;28;28;0;0;100,0;1;830;69;52;11;3;4;4;0
68511V2673383;Tromsøysundtunnelen T1;EV8 S2D1 m2967;2022-02-01T00:00+01:00;2022-03-01T00:00+01:00;2022;2;4740;4196;5284;100,0;28;28;0;1;100,0;3;4292;447;151;135;82;80;75;5
68511V2673383;Tromsøysundtunnelen T1;EV8 S2D1 m2967;2022-02-01T00:00+01:00;2022-03-01T00:00+01:00;2022;2;0;0;0;100,0;28;28;0;0;-;Totalt i retning Tromsøya;0;0;0;0;0;0;0;0
68511V2673383;Tromsøysundtunnelen T1;EV8 S2D1 m2967;2022-02-01T00:00+01:00;2022-03-01T00:00+01:00;2022;2;5638;5063;6213;100,0;28;28;0;0;100,0;Totalt i retning Tomasjord;5122;516;203;146;84;83;78;5
68511V2673383;Tromsøysundtunnelen T1;EV8 S2D1 m2967;2022-02-01T00:00+01:00;2022-03-01T00:00+01:00;2022;2;5639;5064;6214;100,0;28;28;0;1;100,0;Totalt;5122;516;203;146;84;83;78;5
68511V2673383;Tromsøysundtunnelen T1;EV8 S2D1 m2967;2022-03-01T00:00+01:00;2022-04-01T00:00+02:00;2022;3;775;644;906;100,0;31;31;0;1;99,9;1;720;54;44;8;1;1;1;0
68511V2673383;Tromsøysundtunnelen T1;EV8 S2D1 m2967;2022-03-01T00:00+01:00;2022-04-01T00:00+02:00;2022;3;4937;4507;5367;100,0;31;31;0;1;100,0;3;4464;472;163;139;85;85;80;5
68511V2673383;Tromsøysundtunnelen T1;EV8 S2D1 m2967;2022-03-01T00:00+01:00;2022-04-01T00:00+02:00;2022;3;1;0;2;100,0;31;31;0;0;100,0;Totalt i retning Tromsøya;0;0;0;0;0;0;0;0
68511V2673383;Tromsøysundtunnelen T1;EV8 S2D1 m2967;2022-03-01T00:00+01:00;2022-04-01T00:00+02:00;2022;3;5711;5156;6266;100,0;31;31;0;1;100,0;Totalt i retning Tomasjord;5184;526;207;147;87;86;81;5
68511V2673383;Tromsøysundtunnelen T1;EV8 S2D1 m2967;2022-03-01T00:00+01:00;2022-04-01T00:00+02:00;2022;3;5711;5155;6267;100,0;31;31;0;0;100,0;Totalt;5184;526;207;147;87;86;81;5
68511V2673383;Tromsøysundtunnelen T1;EV8 S2D1 m2967;2022-04-01T00:00+02:00;2022-05-01T00:00+02:00;2022;4;662;494;830;100,0;30;30;0;0;100,0;1;617;45;37;6;1;1;1;0
68511V2673383;Tromsøysundtunnelen T1;EV8 S2D1 m2967;2022-04-01T00:00+02:00;2022-05-01T00:00+02:00;2022;4;4468;3894;5042;100,0;30;30;0;0;100,0;3;4052;415;139;128;74;74;69;5
68511V2673383;Tromsøysundtunnelen T1;EV8 S2D1 m2967;2022-04-01T00:00+02:00;2022-05-01T00:00+02:00;2022;4;0;0;0;100,0;30;30;0;0;-;Totalt i retning Tromsøya;0;0;0;0;0;0;0;0
68511V2673383;Tromsøysundtunnelen T1;EV8 S2D1 m2967;2022-04-01T00:00+02:00;2022-05-01T00:00+02:00;2022;4;5130;4412;5848;100,0;30;30;0;0;100,0;Totalt i retning Tomasjord;4669;460;175;134;76;75;70;5
68511V2673383;Tromsøysundtunnelen T1;EV8 S2D1 m2967;2022-04-01T00:00+02:00;2022-05-01T00:00+02:00;2022;4;5130;4412;5848;100,0;30;30;0;0;100,0;Totalt;4669;460;175;134;76;75;70;5
68511V2673383;Tromsøysundtunnelen T1;EV8 S2D1 m2967;2022-05-01T00:00+02:00;2022-06-01T00:00+02:00;2022;5;922;626;1218;100,0;31;31;0;1;99,9;1;846;75;52;16;3;4;4;0
68511V2673383;Tromsøysundtunnelen T1;EV8 S2D1 m2967;2022-05-01T00:00+02:00;2022-06-01T00:00+02:00;2022;5;4671;4170;5172;100,0;31;31;0;1;100,0;3;4187;482;151;164;81;85;80;5
68511V2673383;Tromsøysundtunnelen T1;EV8 S2D1 m2967;2022-05-01T00:00+02:00;2022-06-01T00:00+02:00;2022;5;2;0;4;100,0;31;31;0;0;100,0;Totalt i retning Tromsøya;0;1;0;1;0;0;0;0
68511V2673383;Tromsøysundtunnelen T1;EV8 S2D1 m2967;2022-05-01T00:00+02:00;2022-06-01T00:00+02:00;2022;5;5590;4945;6235;100,0;31;31;0;1;100,0;Totalt i retning Tomasjord;5033;556;202;179;84;91;85;6
68511V2673383;Tromsøysundtunnelen T1;EV8 S2D1 m2967;2022-05-01T00:00+02:00;2022-06-01T00:00+02:00;2022;5;5592;4946;6238;100,0;31;31;0;1;100,0;Totalt;5033;557;202;180;84;91;85;6
68511V2673383;Tromsøysundtunnelen T1;EV8 S2D1 m2967;2022-06-01T00:00+02:00;2022-07-01T00:00+02:00;2022;6;1015;733;1297;100,0;30;30;0;1;99,9;1;932;83;57;19;3;3;3;0
68511V2673383;Tromsøysundtunnelen T1;EV8 S2D1 m2967;2022-06-01T00:00+02:00;2022-07-01T00:00+02:00;2022;6;5138;4602;5674;100,0;30;30;0;0;100,0;3;4525;613;195;225;94;98;93;5
68511V2673383;Tromsøysundtunnelen T1;EV8 S2D1 m2967;2022-06-01T00:00+02:00;2022-07-01T00:00+02:00;2022;6;0;-1;1;100,0;30;30;0;0;-;Totalt i retning Tromsøya;0;0;0;0;0;0;0;0
68511V2673383;Tromsøysundtunnelen T1;EV8 S2D1 m2967;2022-06-01T00:00+02:00;2022-07-01T00:00+02:00;2022;6;6152;5443;6861;100,0;30;30;0;0;100,0;Totalt i retning Tomasjord;5456;696;252;245;98;102;96;6
68511V2673383;Tromsøysundtunnelen T1;EV8 S2D1 m2967;2022-06-01T00:00+02:00;2022-07-01T00:00+02:00;2022;6;6153;5444;6862;100,0;30;30;0;1;100,0;Totalt;5457;696;252;245;98;102;96;6
68511V2673383;Tromsøysundtunnelen T1;EV8 S2D1 m2967;2022-07-01T00:00+02:00;2022-08-01T00:00+02:00;2022;7;385;317;453;100,0;31;31;0;0;100,0;1;355;30;23;6;0;0;0;0
68511V2673383;Tromsøysundtunnelen T1;EV8 S2D1 m2967;2022-07-01T00:00+02:00;2022-08-01T00:00+02:00;2022;7;3592;3252;3932;100,0;31;31;0;0;100,0;3;3170;422;138;156;57;70;65;5
68511V2673383;Tromsøysundtunnelen T1;EV8 S2D1 m2967;2022-07-01T00:00+02:00;2022-08-01T00:00+02:00;2022;7;0;0;0;100,0;31;31;0;0;-;Totalt i retning Tromsøya;0;0;0;0;0;0;0;0
68511V2673383;Tromsøysundtunnelen T1;EV8 S2D1 m2967;2022-07-01T00:00+02:00;2022-08-01T00:00+02:00;2022;7;3977;3570;4384;100,0;31;31;0;0;100,0;Totalt i retning Tomasjord;3525;452;161;162;58;71;66;5
68511V2673383;Tromsøysundtunnelen T1;EV8 S2D1 m2967;2022-07-01T00:00+02:00;2022-08-01T00:00+02:00;2022;7;3977;3570;4384;100,0;31;31;0;0;100,0;Totalt;3525;452;161;162;58;71;66;5
68511V2673383;Tromsøysundtunnelen T1;EV8 S2D1 m2967;2022-08-01T00:00+02:00;2022-09-01T00:00+02:00;2022;8;753;611;895;100,0;31;31;0;0;100,0;1;693;60;42;14;1;2;2;0
68511V2673383;Tromsøysundtunnelen T1;EV8 S2D1 m2967;2022-08-01T00:00+02:00;2022-09-01T00:00+02:00;2022;8;4641;4190;5092;100,0;31;31;0;0;100,0;3;4114;526;172;196;72;86;81;5
68511V2673383;Tromsøysundtunnelen T1;EV8 S2D1 m2967;2022-08-01T00:00+02:00;2022-09-01T00:00+02:00;2022;8;0;0;0;100,0;31;31;0;0;-;Totalt i retning Tromsøya;-;-;-;-;-;-;-;-
68511V2673383;Tromsøysundtunnelen T1;EV8 S2D1 m2967;2022-08-01T00:00+02:00;2022-09-01T00:00+02:00;2022;8;5394;4817;5971;100,0;31;31;0;0;100,0;Totalt i retning Tomasjord;4808;586;214;211;73;88;83;5
68511V2673383;Tromsøysundtunnelen T1;EV8 S2D1 m2967;2022-08-01T00:00+02:00;2022-09-01T00:00+02:00;2022;8;5394;4817;5971;100,0;31;31;0;0;100,0;Totalt;4808;586;214;211;73;88;83;5
68511V2673383;Tromsøysundtunnelen T1;EV8 S2D1 m2967;2022-09-01T00:00+02:00;2022-10-01T00:00+02:00;2022;9;828;691;965;100,0;30;30;0;0;100,0;1;772;55;43;10;1;1;1;0
68511V2673383;Tromsøysundtunnelen T1;EV8 S2D1 m2967;2022-09-01T00:00+02:00;2022-10-01T00:00+02:00;2022;9;5067;4615;5519;100,0;30;30;0;1;100,0;3;4482;585;200;207;87;91;86;5
68511V2673383;Tromsøysundtunnelen T1;EV8 S2D1 m2967;2022-09-01T00:00+02:00;2022-10-01T00:00+02:00;2022;9;0;0;0;100,0;30;30;0;0;-;Totalt i retning Tromsøya;-;-;-;-;-;-;-;-
68511V2673383;Tromsøysundtunnelen T1;EV8 S2D1 m2967;2022-09-01T00:00+02:00;2022-10-01T00:00+02:00;2022;9;5894;5307;6481;100,0;30;30;0;0;100,0;Totalt i retning Tomasjord;5254;640;243;217;88;91;86;5
68511V2673383;Tromsøysundtunnelen T1;EV8 S2D1 m2967;2022-09-01T00:00+02:00;2022-10-01T00:00+02:00;2022;9;5894;5307;6481;100,0;30;30;0;0;100,0;Totalt;5254;640;243;217;88;91;86;5
68511V2673383;Tromsøysundtunnelen T1;EV8 S2D1 m2967;2022-10-01T00:00+02:00;2022-11-01T00:00+01:00;2022;10;871;637;1105;100,0;31;31;0;1;99,9;1;801;70;51;14;2;2;2;0
68511V2673383;Tromsøysundtunnelen T1;EV8 S2D1 m2967;2022-10-01T00:00+02:00;2022-11-01T00:00+01:00;2022;10;4697;4248;5146;100,0;31;31;0;1;100,0;3;4194;501;163;176;79;84;79;5
68511V2673383;Tromsøysundtunnelen T1;EV8 S2D1 m2967;2022-10-01T00:00+02:00;2022-11-01T00:00+01:00;2022;10;1;-1;3;100,0;31;31;0;1;0,0;Totalt i retning Tromsøya;-;-;-;-;-;-;-;-
68511V2673383;Tromsøysundtunnelen T1;EV8 S2D1 m2967;2022-10-01T00:00+02:00;2022-11-01T00:00+01:00;2022;10;5566;4987;6145;100,0;31;31;0;1;100,0;Totalt i retning Tomasjord;4995;570;213;190;81;86;81;5
68511V2673383;Tromsøysundtunnelen T1;EV8 S2D1 m2967;2022-10-01T00:00+02:00;2022-11-01T00:00+01:00;2022;10;5567;4988;6146;100,0;31;31;0;1;100,0;Totalt;4995;571;213;191;81;86;81;5
68511V2673383;Tromsøysundtunnelen T1;EV8 S2D1 m2967;2022-11-01T00:00+01:00;2022-12-01T00:00+01:00;2022;11;745;614;876;100,0;30;30;0;0;100,0;1;698;47;40;5;1;0;0;0
68511V2673383;Tromsøysundtunnelen T1;EV8 S2D1 m2967;2022-11-01T00:00+01:00;2022-12-01T00:00+01:00;2022;11;4942;4483;5401;100,0;30;30;0;0;100,0;3;4405;537;194;170;82;90;85;5
68511V2673383;Tromsøysundtunnelen T1;EV8 S2D1 m2967;2022-11-01T00:00+01:00;2022-12-01T00:00+01:00;2022;11;0;0;0;100,0;30;30;0;0;-;Totalt i retning Tromsøya;-;-;-;-;-;-;-;-
68511V2673383;Tromsøysundtunnelen T1;EV8 S2D1 m2967;2022-11-01T00:00+01:00;2022-12-01T00:00+01:00;2022;11;5687;5115;6259;100,0;30;30;0;1;100,0;Totalt i retning Tomasjord;5103;583;234;175;83;90;85;5
68511V2673383;Tromsøysundtunnelen T1;EV8 S2D1 m2967;2022-11-01T00:00+01:00;2022-12-01T00:00+01:00;2022;11;5687;5115;6259;100,0;30;30;0;1;100,0;Totalt;5103;583;234;175;83;90;85;5
68511V2673383;Tromsøysundtunnelen T1;EV8 S2D1 m2967;2022-12-01T00:00+01:00;2023-01-01T00:00+01:00;2022;12;718;518;918;100,0;31;31;0;0;100,0;1;669;49;39;7;2;1;1;0
68511V2673383;Tromsøysundtunnelen T1;EV8 S2D1 m2967;2022-12-01T00:00+01:00;2023-01-01T00:00+01:00;2022;12;4343;3874;4812;100,0;31;31;0;0;100,0;3;3952;391;134;116;70;70;66;4
68511V2673383;Tromsøysundtunnelen T1;EV8 S2D1 m2967;2022-12-01T00:00+01:00;2023-01-01T00:00+01:00;2022;12;0;0;0;100,0;31;31;0;0;-;Totalt i retning Tromsøya;-;-;-;-;-;-;-;-
68511V2673383;Tromsøysundtunnelen T1;EV8 S2D1 m2967;2022-12-01T00:00+01:00;2023-01-01T00:00+01:00;2022;12;5061;4473;5649;100,0;31;31;0;0;100,0;Totalt i retning Tomasjord;4621;440;173;123;72;72;67;5
68511V2673383;Tromsøysundtunnelen T1;EV8 S2D1 m2967;2022-12-01T00:00+01:00;2023-01-01T00:00+01:00;2022;12;5062;4474;5650;100,0;31;31;0;1;100,0;Totalt;4621;440;173;123;72;72;67;5
68511V2673383;Tromsøysundtunnelen T1;EV8 S2D1 m2967;2023-01-01T00:00+01:00;2023-02-01T00:00+01:00;2023;1;692;519;865;100,0;31;31;0;1;99,9;1;626;66;47;13;2;3;3;0
68511V2673383;Tromsøysundtunnelen T1;EV8 S2D1 m2967;2023-01-01T00:00+01:00;2023-02-01T00:00+01:00;2023;1;4102;3726;4478;100,0;31;31;0;1;100,0;3;3686;415;135;123;80;78;73;5
68511V2673383;Tromsøysundtunnelen T1;EV8 S2D1 m2967;2023-01-01T00:00+01:00;2023-02-01T00:00+01:00;2023;1;1;-1;3;100,0;31;31;0;1;0,0;Totalt i retning Tromsøya;-;-;-;-;-;-;-;-
68511V2673383;Tromsøysundtunnelen T1;EV8 S2D1 m2967;2023-01-01T00:00+01:00;2023-02-01T00:00+01:00;2023;1;4793;4312;5274;100,0;31;31;0;1;100,0;Totalt i retning Tomasjord;4312;480;182;135;82;81;76;5
68511V2673383;Tromsøysundtunnelen T1;EV8 S2D1 m2967;2023-01-01T00:00+01:00;2023-02-01T00:00+01:00;2023;1;4794;4313;5275;100,0;31;31;0;1;100,0;Totalt;4312;481;182;136;82;81;76;5
68511V2673383;Tromsøysundtunnelen T1;EV8 S2D1 m2967;2023-02-01T00:00+01:00;2023-03-01T00:00+01:00;2023;2;732;489;975;100,0;28;28;0;0;100,0;1;662;69;50;12;3;4;4;0
68511V2673383;Tromsøysundtunnelen T1;EV8 S2D1 m2967;2023-02-01T00:00+01:00;2023-03-01T00:00+01:00;2023;2;3974;3570;4378;100,0;28;28;0;1;100,0;3;3570;403;131;120;77;74;70;4
68511V2673383;Tromsøysundtunnelen T1;EV8 S2D1 m2967;2023-02-01T00:00+01:00;2023-03-01T00:00+01:00;2023;2;0;0;0;100,0;28;28;0;0;-;Totalt i retning Tromsøya;-;-;-;-;-;-;-;-
68511V2673383;Tromsøysundtunnelen T1;EV8 S2D1 m2967;2023-02-01T00:00+01:00;2023-03-01T00:00+01:00;2023;2;4705;4218;5192;100,0;28;28;0;0;100,0;Totalt i retning Tomasjord;4233;472;181;132;80;79;74;5
68511V2673383;Tromsøysundtunnelen T1;EV8 S2D1 m2967;2023-02-01T00:00+01:00;2023-03-01T00:00+01:00;2023;2;4705;4218;5192;100,0;28;28;0;0;100,0;Totalt;4233;472;181;132;80;79;74;5
68511V2673383;Tromsøysundtunnelen T1;EV8 S2D1 m2967;2023-03-01T00:00+01:00;2023-04-01T00:00+02:00;2023;3;646;542;750;100,0;31;31;0;0;100,0;1;598;48;40;6;1;1;1;0
68511V2673383;Tromsøysundtunnelen T1;EV8 S2D1 m2967;2023-03-01T00:00+01:00;2023-04-01T00:00+02:00;2023;3;4399;4051;4747;100,0;31;31;0;0;100,0;3;3929;470;156;140;87;86;81;5
68511V2673383;Tromsøysundtunnelen T1;EV8 S2D1 m2967;2023-03-01T00:00+01:00;2023-04-01T00:00+02:00;2023;3;0;0;0;100,0;31;31;0;0;-;Totalt i retning Tromsøya;-;-;-;-;-;-;-;-
68511V2673383;Tromsøysundtunnelen T1;EV8 S2D1 m2967;2023-03-01T00:00+01:00;2023-04-01T00:00+02:00;2023;3;5044;4595;5493;100,0;31;31;0;0;100,0;Totalt i retning Tomasjord;4527;517;196;147;88;87;82;5
68511V2673383;Tromsøysundtunnelen T1;EV8 S2D1 m2967;2023-03-01T00:00+01:00;2023-04-01T00:00+02:00;2023;3;5045;4596;5494;100,0;31;31;0;0;100,0;Totalt;4527;518;196;147;88;87;82;5
68511V2673383;Tromsøysundtunnelen T1;EV8 S2D1 m2967;2023-04-01T00:00+02:00;2023-05-01T00:00+02:00;2023;4;544;387;701;100,0;30;30;0;0;100,0;1;499;45;35;8;1;1;1;0
68511V2673383;Tromsøysundtunnelen T1;EV8 S2D1 m2967;2023-04-01T00:00+02:00;2023-05-01T00:00+02:00;2023;4;3888;3394;4382;100,0;30;30;0;0;100,0;3;3522;365;116;116;65;67;63;4
68511V2673383;Tromsøysundtunnelen T1;EV8 S2D1 m2967;2023-04-01T00:00+02:00;2023-05-01T00:00+02:00;2023;4;1;0;2;100,0;30;30;0;1;0,0;Totalt i retning Tromsøya;-;-;-;-;-;-;-;-
68511V2673383;Tromsøysundtunnelen T1;EV8 S2D1 m2967;2023-04-01T00:00+02:00;2023-05-01T00:00+02:00;2023;4;4431;3808;5054;100,0;30;30;0;0;100,0;Totalt i retning Tomasjord;4021;410;151;124;66;70;65;5
68511V2673383;Tromsøysundtunnelen T1;EV8 S2D1 m2967;2023-04-01T00:00+02:00;2023-05-01T00:00+02:00;2023;4;4432;3809;5055;100,0;30;30;0;1;100,0;Totalt;4021;410;151;124;66;70;65;5
79743V1125914;TROMSØBRUA;FV862 S1D1 m1705;2022-01-01T00:00+01:00;2022-02-01T00:00+01:00;2022;1;8347;7867;8827;100,0;31;31;0;9;99,9;1;7844;494;108;96;278;12;11;1
79743V1125914;TROMSØBRUA;FV862 S1D1 m1705;2022-01-01T00:00+01:00;2022-02-01T00:00+01:00;2022;1;8169;7661;8677;100,0;31;31;0;2;100,0;2;7307;860;379;153;287;40;40;0
79743V1125914;TROMSØBRUA;FV862 S1D1 m1705;2022-01-01T00:00+01:00;2022-02-01T00:00+01:00;2022;1;8174;7665;8683;100,0;31;31;0;2;100,0;Totalt i retning TROMSDALEN;7310;862;380;153;288;40;40;0
79743V1125914;TROMSØBRUA;FV862 S1D1 m1705;2022-01-01T00:00+01:00;2022-02-01T00:00+01:00;2022;1;8343;7864;8822;100,0;31;31;0;10;99,9;Totalt i retning TROMSØYA;7842;492;106;95;278;12;11;1
79743V1125914;TROMSØBRUA;FV862 S1D1 m1705;2022-01-01T00:00+01:00;2022-02-01T00:00+01:00;2022;1;16517;15531;17503;100,0;31;31;0;12;99,9;Totalt;15152;1354;487;249;565;52;51;1
79743V1125914;TROMSØBRUA;FV862 S1D1 m1705;2022-02-01T00:00+01:00;2022-03-01T00:00+01:00;2022;2;9101;8727;9475;100,0;28;28;0;11;99,9;1;8549;541;123;107;294;17;16;1
79743V1125914;TROMSØBRUA;FV862 S1D1 m1705;2022-02-01T00:00+01:00;2022-03-01T00:00+01:00;2022;2;8900;8506;9294;100,0;28;28;0;4;100,0;2;7966;930;416;164;304;46;46;0
79743V1125914;TROMSØBRUA;FV862 S1D1 m1705;2022-02-01T00:00+01:00;2022-03-01T00:00+01:00;2022;2;8907;8512;9302;100,0;28;28;0;4;100,0;Totalt i retning TROMSDALEN;7969;934;418;165;304;47;47;0
79743V1125914;TROMSØBRUA;FV862 S1D1 m1705;2022-02-01T00:00+01:00;2022-03-01T00:00+01:00;2022;2;9095;8721;9469;100,0;28;28;0;12;99,9;Totalt i retning TROMSØYA;8546;538;121;106;294;16;15;1
79743V1125914;TROMSØBRUA;FV862 S1D1 m1705;2022-02-01T00:00+01:00;2022-03-01T00:00+01:00;2022;2;18001;17236;18766;100,0;28;28;0;15;99,9;Totalt;16515;1472;539;271;598;64;62;2
79743V1125914;TROMSØBRUA;FV862 S1D1 m1705;2022-03-01T00:00+01:00;2022-04-01T00:00+02:00;2022;3;9450;9138;9762;100,0;31;31;0;12;99,9;1;8874;565;136;113;298;18;17;1
79743V1125914;TROMSØBRUA;FV862 S1D1 m1705;2022-03-01T00:00+01:00;2022-04-01T00:00+02:00;2022;3;9297;8964;9630;100,0;31;31;0;2;100,0;2;8311;984;452;173;305;54;54;0
79743V1125914;TROMSØBRUA;FV862 S1D1 m1705;2022-03-01T00:00+01:00;2022-04-01T00:00+02:00;2022;3;9301;8967;9635;100,0;31;31;0;2;100,0;Totalt i retning TROMSDALEN;8313;986;453;174;305;54;54;0
79743V1125914;TROMSØBRUA;FV862 S1D1 m1705;2022-03-01T00:00+01:00;2022-04-01T00:00+02:00;2022;3;9446;9134;9758;100,0;31;31;0;12;99,9;Totalt i retning TROMSØYA;8872;562;134;113;298;18;17;1
79743V1125914;TROMSØBRUA;FV862 S1D1 m1705;2022-03-01T00:00+01:00;2022-04-01T00:00+02:00;2022;3;18747;18108;19386;100,0;31;31;0;14;99,9;Totalt;17185;1548;587;286;602;72;71;1
79743V1125914;TROMSØBRUA;FV862 S1D1 m1705;2022-04-01T00:00+02:00;2022-05-01T00:00+02:00;2022;4;9061;8438;9684;100,0;30;30;0;9;99,9;1;8537;516;123;115;263;15;14;1
79743V1125914;TROMSØBRUA;FV862 S1D1 m1705;2022-04-01T00:00+02:00;2022-05-01T00:00+02:00;2022;4;8928;8250;9606;100,0;30;30;0;2;100,0;2;8048;878;399;163;268;48;48;0
79743V1125914;TROMSØBRUA;FV862 S1D1 m1705;2022-04-01T00:00+02:00;2022-05-01T00:00+02:00;2022;4;8931;8253;9609;100,0;30;30;0;2;100,0;Totalt i retning TROMSDALEN;8049;880;400;164;269;48;48;0
79743V1125914;TROMSØBRUA;FV862 S1D1 m1705;2022-04-01T00:00+02:00;2022-05-01T00:00+02:00;2022;4;9058;8435;9681;100,0;30;30;0;9;99,9;Totalt i retning TROMSØYA;8536;514;122;115;262;15;14;1
79743V1125914;TROMSØBRUA;FV862 S1D1 m1705;2022-04-01T00:00+02:00;2022-05-01T00:00+02:00;2022;4;17989;16707;19271;100,0;30;30;0;11;99,9;Totalt;16585;1394;522;278;530;63;62;1
79743V1125914;TROMSØBRUA;FV862 S1D1 m1705;2022-05-01T00:00+02:00;2022-06-01T00:00+02:00;2022;5;9862;9339;10385;100,0;31;31;0;12;99,9;1;9242;607;172;141;275;20;19;1
79743V1125914;TROMSØBRUA;FV862 S1D1 m1705;2022-05-01T00:00+02:00;2022-06-01T00:00+02:00;2022;5;9785;9219;10351;100,0;31;31;0;5;99,9;2;8759;1022;472;212;283;54;54;0
79743V1125914;TROMSØBRUA;FV862 S1D1 m1705;2022-05-01T00:00+02:00;2022-06-01T00:00+02:00;2022;5;9796;9230;10362;100,0;31;31;0;5;99,9;Totalt i retning TROMSDALEN;8766;1025;473;213;284;54;54;0
79743V1125914;TROMSØBRUA;FV862 S1D1 m1705;2022-05-01T00:00+02:00;2022-06-01T00:00+02:00;2022;5;9851;9328;10374;100,0;31;31;0;12;99,9;Totalt i retning TROMSØYA;9236;604;171;140;274;19;18;1
79743V1125914;TROMSØBRUA;FV862 S1D1 m1705;2022-05-01T00:00+02:00;2022-06-01T00:00+02:00;2022;5;19647;18563;20731;100,0;31;31;0;17;99,9;Totalt;18001;1629;644;353;558;74;73;1
79743V1125914;TROMSØBRUA;FV862 S1D1 m1705;2022-06-01T00:00+02:00;2022-07-01T00:00+02:00;2022;6;10248;9777;10719;100,0;30;30;0;16;99,8;1;9532;700;229;176;274;22;21;1
79743V1125914;TROMSØBRUA;FV862 S1D1 m1705;2022-06-01T00:00+02:00;2022-07-01T00:00+02:00;2022;6;10155;9642;10668;100,0;30;30;0;8;99,9;2;8976;1171;557;259;297;59;58;1
79743V1125914;TROMSØBRUA;FV862 S1D1 m1705;2022-06-01T00:00+02:00;2022-07-01T00:00+02:00;2022;6;10160;9646;10674;100,0;30;30;0;9;99,9;Totalt i retning TROMSDALEN;8978;1173;558;260;297;59;58;1
79743V1125914;TROMSØBRUA;FV862 S1D1 m1705;2022-06-01T00:00+02:00;2022-07-01T00:00+02:00;2022;6;10244;9774;10714;100,0;30;30;0;16;99,8;Totalt i retning TROMSØYA;9530;698;227;175;274;22;21;1
79743V1125914;TROMSØBRUA;FV862 S1D1 m1705;2022-06-01T00:00+02:00;2022-07-01T00:00+02:00;2022;6;20403;19425;21381;100,0;30;30;0;24;99,9;Totalt;18508;1871;786;435;571;80;78;2
79743V1125914;TROMSØBRUA;FV862 S1D1 m1705;2022-07-01T00:00+02:00;2022-08-01T00:00+02:00;2022;7;8300;7967;8633;100,0;31;31;0;9;99,9;1;7712;579;192;146;230;11;10;1
79743V1125914;TROMSØBRUA;FV862 S1D1 m1705;2022-07-01T00:00+02:00;2022-08-01T00:00+02:00;2022;7;8311;7908;8714;100,0;31;31;0;2;100,0;2;7385;924;408;223;249;43;43;0
79743V1125914;TROMSØBRUA;FV862 S1D1 m1705;2022-07-01T00:00+02:00;2022-08-01T00:00+02:00;2022;7;8317;7913;8721;100,0;31;31;0;2;100,0;Totalt i retning TROMSDALEN;7387;928;409;225;250;43;43;0
79743V1125914;TROMSØBRUA;FV862 S1D1 m1705;2022-07-01T00:00+02:00;2022-08-01T00:00+02:00;2022;7;8294;7961;8627;100,0;31;31;0;8;99,9;Totalt i retning TROMSØYA;7710;575;191;144;230;11;10;1
79743V1125914;TROMSØBRUA;FV862 S1D1 m1705;2022-07-01T00:00+02:00;2022-08-01T00:00+02:00;2022;7;16611;15883;17339;100,0;31;31;0;11;99,9;Totalt;15097;1503;600;369;480;54;53;1
79743V1125914;TROMSØBRUA;FV862 S1D1 m1705;2022-08-01T00:00+02:00;2022-09-01T00:00+02:00;2022;8;9783;9398;10168;100,0;31;31;0;10;99,9;1;9175;598;186;157;241;14;13;1
79743V1125914;TROMSØBRUA;FV862 S1D1 m1705;2022-08-01T00:00+02:00;2022-09-01T00:00+02:00;2022;8;9576;9160;9992;100,0;31;31;0;2;100,0;2;8582;992;440;238;262;52;52;0
79743V1125914;TROMSØBRUA;FV862 S1D1 m1705;2022-08-01T00:00+02:00;2022-09-01T00:00+02:00;2022;8;9581;9165;9997;100,0;31;31;0;2;100,0;Totalt i retning TROMSDALEN;8584;995;441;239;262;52;52;0
79743V1125914;TROMSØBRUA;FV862 S1D1 m1705;2022-08-01T00:00+02:00;2022-09-01T00:00+02:00;2022;8;9778;9394;10162;100,0;31;31;0;10;99,9;Totalt i retning TROMSØYA;9173;594;185;155;241;14;13;1
79743V1125914;TROMSØBRUA;FV862 S1D1 m1705;2022-08-01T00:00+02:00;2022-09-01T00:00+02:00;2022;8;19359;18564;20154;100,0;31;31;0;13;99,9;Totalt;17757;1589;626;394;503;65;64;1
79743V1125914;TROMSØBRUA;FV862 S1D1 m1705;2022-09-01T00:00+02:00;2022-10-01T00:00+02:00;2022;9;10062;9767;10357;100,0;30;30;0;12;99,9;1;9437;612;169;158;269;15;14;1
79743V1125914;TROMSØBRUA;FV862 S1D1 m1705;2022-09-01T00:00+02:00;2022-10-01T00:00+02:00;2022;9;9943;9572;10314;100,0;30;30;0;3;100,0;2;8892;1048;441;252;293;62;61;1
79743V1125914;TROMSØBRUA;FV862 S1D1 m1705;2022-09-01T00:00+02:00;2022-10-01T00:00+02:00;2022;9;9950;9578;10322;100,0;30;30;0;4;100,0;Totalt i retning TROMSDALEN;8894;1052;443;254;293;62;61;1
79743V1125914;TROMSØBRUA;FV862 S1D1 m1705;2022-09-01T00:00+02:00;2022-10-01T00:00+02:00;2022;9;10056;9762;10350;100,0;30;30;0;13;99,9;Totalt i retning TROMSØYA;9436;607;167;156;269;15;14;1
79743V1125914;TROMSØBRUA;FV862 S1D1 m1705;2022-09-01T00:00+02:00;2022-10-01T00:00+02:00;2022;9;20005;19347;20663;100,0;30;30;0;16;99,9;Totalt;18329;1660;611;410;562;77;75;2
79743V1125914;TROMSØBRUA;FV862 S1D1 m1705;2022-10-01T00:00+02:00;2022-11-01T00:00+01:00;2022;10;9562;9188;9936;100,0;31;31;0;11;99,9;1;9013;538;138;128;259;13;12;1
79743V1125914;TROMSØBRUA;FV862 S1D1 m1705;2022-10-01T00:00+02:00;2022-11-01T00:00+01:00;2022;10;9416;8983;9849;100,0;31;31;0;3;100,0;2;8466;947;407;207;282;51;50;1
79743V1125914;TROMSØBRUA;FV862 S1D1 m1705;2022-10-01T00:00+02:00;2022-11-01T00:00+01:00;2022;10;9423;8989;9857;100,0;31;31;0;3;100,0;Totalt i retning TROMSDALEN;8468;952;409;209;282;52;51;1
79743V1125914;TROMSØBRUA;FV862 S1D1 m1705;2022-10-01T00:00+02:00;2022-11-01T00:00+01:00;2022;10;9555;9182;9928;100,0;31;31;0;11;99,9;Totalt i retning TROMSØYA;9011;533;136;126;259;13;12;1
79743V1125914;TROMSØBRUA;FV862 S1D1 m1705;2022-10-01T00:00+02:00;2022-11-01T00:00+01:00;2022;10;18978;18176;19780;100,0;31;31;0;14;99,9;Totalt;17480;1485;545;335;541;65;63;2
79743V1125914;TROMSØBRUA;FV862 S1D1 m1705;2022-11-01T00:00+01:00;2022-12-01T00:00+01:00;2022;11;9446;9104;9788;100,0;30;30;0;9;99,9;1;8912;525;130;114;269;13;12;1
79743V1125914;TROMSØBRUA;FV862 S1D1 m1705;2022-11-01T00:00+01:00;2022-12-01T00:00+01:00;2022;11;9268;8916;9620;100,0;30;30;0;2;100,0;2;8354;912;392;182;293;45;45;0
79743V1125914;TROMSØBRUA;FV862 S1D1 m1705;2022-11-01T00:00+01:00;2022-12-01T00:00+01:00;2022;11;9273;8920;9626;100,0;30;30;0;2;100,0;Totalt i retning TROMSDALEN;8355;916;394;184;293;45;45;0
79743V1125914;TROMSØBRUA;FV862 S1D1 m1705;2022-11-01T00:00+01:00;2022-12-01T00:00+01:00;2022;11;9441;9099;9783;100,0;30;30;0;9;99,9;Totalt i retning TROMSØYA;8910;521;128;112;268;13;12;1
79743V1125914;TROMSØBRUA;FV862 S1D1 m1705;2022-11-01T00:00+01:00;2022-12-01T00:00+01:00;2022;11;18715;18023;19407;100,0;30;30;0;12;99,9;Totalt;17265;1438;522;296;562;58;57;1
79743V1125914;TROMSØBRUA;FV862 S1D1 m1705;2022-12-01T00:00+01:00;2023-01-01T00:00+01:00;2022;12;9009;8395;9623;100,0;31;31;0;9;99,9;1;8515;485;117;98;260;11;10;1
79743V1125914;TROMSØBRUA;FV862 S1D1 m1705;2022-12-01T00:00+01:00;2023-01-01T00:00+01:00;2022;12;8901;8285;9517;100,0;31;31;0;7;99,9;2;8090;804;327;154;287;36;36;0
79743V1125914;TROMSØBRUA;FV862 S1D1 m1705;2022-12-01T00:00+01:00;2023-01-01T00:00+01:00;2022;12;8925;8309;9541;100,0;31;31;0;7;99,9;Totalt i retning TROMSDALEN;8109;809;329;155;287;36;36;0
79743V1125914;TROMSØBRUA;FV862 S1D1 m1705;2022-12-01T00:00+01:00;2023-01-01T00:00+01:00;2022;12;8986;8373;9599;100,0;31;31;0;9;99,9;Totalt i retning TROMSØYA;8496;481;114;97;259;11;10;1
79743V1125914;TROMSØBRUA;FV862 S1D1 m1705;2022-12-01T00:00+01:00;2023-01-01T00:00+01:00;2022;12;17911;16684;19138;100,0;31;31;0;17;99,9;Totalt;16605;1289;444;252;546;47;46;1
79743V1125914;TROMSØBRUA;FV862 S1D1 m1705;2023-01-01T00:00+01:00;2023-02-01T00:00+01:00;2023;1;7753;7442;8064;100,0;31;31;0;11;99,9;1;7232;510;114;102;282;12;11;1
79743V1125914;TROMSØBRUA;FV862 S1D1 m1705;2023-01-01T00:00+01:00;2023-02-01T00:00+01:00;2023;1;7666;7315;8017;100,0;31;31;0;2;100,0;2;6826;838;329;163;309;36;36;0
79743V1125914;TROMSØBRUA;FV862 S1D1 m1705;2023-01-01T00:00+01:00;2023-02-01T00:00+01:00;2023;1;7673;7321;8025;100,0;31;31;0;3;100,0;Totalt i retning TROMSDALEN;6829;841;331;164;310;36;36;0
79743V1125914;TROMSØBRUA;FV862 S1D1 m1705;2023-01-01T00:00+01:00;2023-02-01T00:00+01:00;2023;1;7746;7436;8056;100,0;31;31;0;10;99,9;Totalt i retning TROMSØYA;7230;506;113;100;281;12;11;1
79743V1125914;TROMSØBRUA;FV862 S1D1 m1705;2023-01-01T00:00+01:00;2023-02-01T00:00+01:00;2023;1;15419;14763;16075;100,0;31;31;0;13;99,9;Totalt;14058;1347;444;265;591;48;47;1
79743V1125914;TROMSØBRUA;FV862 S1D1 m1705;2023-02-01T00:00+01:00;2023-03-01T00:00+01:00;2023;2;8290;7937;8643;100,0;28;28;0;12;99,9;1;7727;551;127;114;297;13;12;1
79743V1125914;TROMSØBRUA;FV862 S1D1 m1705;2023-02-01T00:00+01:00;2023-03-01T00:00+01:00;2023;2;8325;7854;8796;100,0;28;28;0;4;100,0;2;7394;927;367;180;330;51;50;1
79743V1125914;TROMSØBRUA;FV862 S1D1 m1705;2023-02-01T00:00+01:00;2023-03-01T00:00+01:00;2023;2;8350;7889;8811;100,0;28;28;0;3;100,0;Totalt i retning TROMSDALEN;7416;931;369;181;331;51;50;1
79743V1125914;TROMSØBRUA;FV862 S1D1 m1705;2023-02-01T00:00+01:00;2023-03-01T00:00+01:00;2023;2;8264;7901;8627;100,0;28;28;0;12;99,9;Totalt i retning TROMSØYA;7705;547;125;113;296;13;12;1
79743V1125914;TROMSØBRUA;FV862 S1D1 m1705;2023-02-01T00:00+01:00;2023-03-01T00:00+01:00;2023;2;16614;15809;17419;100,0;28;28;0;15;99,9;Totalt;15121;1478;494;294;627;63;61;2
79743V1125914;TROMSØBRUA;FV862 S1D1 m1705;2023-03-01T00:00+01:00;2023-04-01T00:00+02:00;2023;3;8412;8104;8720;100,0;31;31;0;15;99,8;1;7833;564;129;117;303;15;14;1
79743V1125914;TROMSØBRUA;FV862 S1D1 m1705;2023-03-01T00:00+01:00;2023-04-01T00:00+02:00;2023;3;8327;7979;8675;100,0;31;31;0;9;99,9;2;7417;901;360;172;325;43;43;0
79743V1125914;TROMSØBRUA;FV862 S1D1 m1705;2023-03-01T00:00+01:00;2023-04-01T00:00+02:00;2023;3;8332;7984;8680;100,0;31;31;0;8;99,9;Totalt i retning TROMSDALEN;7419;905;362;173;326;43;43;0
79743V1125914;TROMSØBRUA;FV862 S1D1 m1705;2023-03-01T00:00+01:00;2023-04-01T00:00+02:00;2023;3;8406;8098;8714;100,0;31;31;0;15;99,8;Totalt i retning TROMSØYA;7831;560;127;116;303;15;14;1
79743V1125914;TROMSØBRUA;FV862 S1D1 m1705;2023-03-01T00:00+01:00;2023-04-01T00:00+02:00;2023;3;16739;16091;17387;100,0;31;31;0;24;99,9;Totalt;15250;1465;489;289;629;59;57;2
79743V1125914;TROMSØBRUA;FV862 S1D1 m1705;2023-04-01T00:00+02:00;2023-05-01T00:00+02:00;2023;4;8022;7432;8612;100,0;30;30;0;11;99,9;1;7542;469;109;100;247;11;11;0
79743V1125914;TROMSØBRUA;FV862 S1D1 m1705;2023-04-01T00:00+02:00;2023-05-01T00:00+02:00;2023;4;7917;7302;8532;100,0;30;30;0;3;100,0;2;7151;763;317;145;260;41;41;0
79743V1125914;TROMSØBRUA;FV862 S1D1 m1705;2023-04-01T00:00+02:00;2023-05-01T00:00+02:00;2023;4;7923;7307;8539;100,0;30;30;0;3;100,0;Totalt i retning TROMSDALEN;7153;767;318;147;260;41;41;0
79743V1125914;TROMSØBRUA;FV862 S1D1 m1705;2023-04-01T00:00+02:00;2023-05-01T00:00+02:00;2023;4;8016;7427;8605;100,0;30;30;0;11;99,9;Totalt i retning TROMSØYA;7540;465;108;99;247;11;11;0
79743V1125914;TROMSØBRUA;FV862 S1D1 m1705;2023-04-01T00:00+02:00;2023-05-01T00:00+02:00;2023;4;15939;14755;17123;100,0;30;30;0;14;99,9;Totalt;14693;1232;426;246;508;53;52;1